sigma,isConv,finTol,logLik,AIC,BIC,deviance,df.residual,Species
0.668677009377062,TRUE,1.4901161193847656e-8,-472.696676241508,963.393352483016,1000.7487773990325,206.1264426628171,461,AC
0.7158702770531791,TRUE,1.4901161193847656e-8,-424.40841815549237,866.8168363109847,902.6268081950948,198.32598813089163,387,CH
0.507087798871102,FALSE,1.4901161193847656e-8,-300.0460659332649,618.0921318665298,654.259470796996,103.62662841286749,403,CS
0.7419145253484732,TRUE,1.4901161193847656e-8,-478.8622656596388,975.7245313192776,1012.3195041302114,232.83491991645027,423,TT
