sigma,isConv,finTol,logLik,AIC,BIC,deviance,df.residual,Species
0.6829324178858993,TRUE,1.4901161193847656e-8,-483.0982437862948,982.1964875725896,1015.4013097201598,215.47526957856005,462,AC
0.7151608644541527,TRUE,1.4901161193847656e-8,-424.52646496800446,865.0529299360089,896.8840160552179,198.44456407416266,388,CH
0.5067774640311696,TRUE,1.4901161193847656e-8,-300.3037532202522,616.6075064405044,648.7562521564743,103.75665281214482,404,CS
0.7465092575080557,TRUE,1.4901161193847656e-8,-482.0321045642312,980.0642091284624,1012.5930738492924,236.28505433517694,424,TT
