sigma,isConv,finTol,logLik,AIC,BIC,deviance,df.residual,Species
0.6686770093766297,TRUE,1.4901161193847656e-8,-472.6966762412047,963.3933524824095,1000.748777398426,206.12644266255057,461,AC
0.7158702770531801,TRUE,1.4901161193847656e-8,-424.4084181554931,866.8168363109862,902.6268081950964,198.3259881308922,387,CH
0.5070578086686371,FALSE,1.4901161193847656e-8,-300.02175783958484,618.0435156791697,654.2108546096358,103.61437139673163,403,CS
0.7419145253484732,TRUE,1.4901161193847656e-8,-478.8622656596388,975.7245313192776,1012.3195041302114,232.8349199164503,423,TT
