sigma,isConv,finTol,logLik,AIC,BIC,deviance,df.residual,Species
0.8576641699812325,TRUE,1.4901161193847656e-8,-590.4513065170302,1194.9026130340603,1223.9568324131842,340.57716458142323,463,AC
1.0620992444606703,TRUE,1.4901161193847656e-8,-581.2554131601927,1176.5108263203854,1204.3630266746932,438.8133191776475,389,CH
0.65982150022221,TRUE,1.4901161193847656e-8,-409.27360467638124,832.5472093527625,860.6773618542361,176.3225869229726,405,CS
0.8496079985727186,TRUE,1.4901161193847656e-8,-538.2969580532124,1090.5939161064248,1119.056672737151,306.77934427646477,425,TT
