curve.id.list,topt.list,maxgrowth.list,z.list,w.list,a.list,b.list,rsqr.list,s.list,n.list
1,20.07772038981992,0.5245301132102707,19.219954827685893,32.15560472722463,0.4602857481732988,0.006649446635441014,0.6899707015535286,0.17553938322678528,6
2,21.801328684103783,1.5202752059745968,19.68482547616813,29.336098729942695,1.0020393058757011,0.020085681564640807,0.7429475992354011,0.5559979087657347,6
3,14.281941631774243,0.288429057978682,15.166139407795109,14.851376630781239,0.4655220282125859,-0.03251871905873205,0.8309513697882347,0.22753548841255888,6
4,27.361708848688757,1.1948716418990168,21.039565863976335,33.3098400449145,0.32518806772835285,0.05324901932374849,0.870078236441135,0.19383464525617192,6
