curve.id.list,topt.list,maxgrowth.list,z.list,w.list,a.list,b.list,rsqr.list,s.list,n.list
1,25.974323729267823,1.3701977265572252,-14.261505361270904,90.54419600757025,0.050861987108545316,0.18686537388424315,0.9608142203253828,0.08734693433274648,24
2,24.262712738306135,1.857247989828637,18.333776957551184,25.243044565203828,0.23475427294528473,0.09552204017117948,0.8747697017787324,0.28935822779943926,25
3,20.75783314159698,0.4789128020983771,18.267464022856057,21.587018381296993,0.19805921001322138,0.04517126155025071,0.7955833100390021,0.15771744768218626,25
4,26.419354965559183,1.219542592542529,19.868845097482815,35.64005994427441,0.39968031518041436,0.04772014959138977,0.7829964038566127,0.25795535540082754,30
