median,lci,uci,Temperature
0.34907867848885543,0.02515530289046222,1.0420407839696975,13
0.3683421544167207,0.037648574214519635,1.0213630436452052,16
0.9071217538934853,0.29179379128066346,1.7268790305261372,19
3.2906241760335817,1.1449460253818824,5.779621226908042,22
5.455259788250245,1.681094585743847,9.879969608376713,25
3.367320381965863,0.4704814805296627,7.254377645097514,28
